frame,value
0,0.984805
average,0.984805