frame,value
0,42.728245
average,42.728245