frame,value
0,36.027172
average,36.027172