frame,value
0,37.052654
average,37.052654