frame,value
0,0.994056
average,0.994056