frame,value
0,0.708104
average,0.708104